use rlab;

-- 최초 1번만 등록하면 되는 데이터
-- 예약 분류 등록
insert into kind values(1, '좌석'), (2, '캐비닛'), (3, '프로젝트룸');
-- 이용권 타입 등록
insert into ticket_type values (1, '1회 예약권'), (2, '기간 이용권'), (3, '시간 패키지'), (4, '캐비닛 이용권');
-- 이용권 등록
insert into ticket(ti_tt_num, ti_name, ti_period, ti_price)
	values(1, '2시간 이용권', 2,  4000), (1, '3시간 이용권', 3, 5500), (1, '6시간 이용권', 6, 10000),
    (2, '2주 고정석 이용권', 336, 140000), (2, '4주 고정석 이용권', 672, 260000), (3, '30시간 이용권', 30, 48000),
    (3, '50시간 이용권', 50, 80000), (3, '100시간 이용권', 100, 140000), (4, '2주 사용권', 336, 40000),
    (4, '4주 사용권', 672, 75000);
-- 지역 카테고리 등록
insert into region values ('지역 미지정'), ('서울 특별시'), ('경기도'), ('부산 광역시'), ('인천 광역시'), ('대구 광역시'), ('경상북도'),
	('경상남도'), ('대전 광역시'), ('전라북도'), ('전라남도'), ('충청북도'), ('충청남도'), ('광주 광역시'), ('강원도'), 
    ('울산 광역시'), ('제주 특별 자치도'), ('세종 특별 자치시');
-- 펫 종류 등록
insert into pet (pe_name, pe_final_level, pe_prize) values ('돌탕몬', 4, '1500원 포인트 지급'),
	('와구멈', 5, '2시간 이용권 지급'), ('호랭이', 6, '6시간 이용권 지급');
-- 펫 진화 단계 등록 (d/uploadfiles/pet 폴더 안에 1~9.png 파일이 있다고 가정)
insert into evolution (ev_pe_num, ev_level, ev_step, ev_img)
	values(1, 1, 1, '/pet/1.png'),(1, 2, 1, '/pet/2.png'),(1, 3, 2, '/pet/2.png'),
    (1, 4, 2, '/pet/3.png'), (2, 1, 1, '/pet/4.png'),(2, 2, 1, '/pet/4.png'),(2, 3, 2, '/pet/5.png'),
    (2, 4, 2, '/pet/5.png'),(2, 5, 3, '/pet/6.png'),(3, 1, 1, '/pet/7.png'),(3, 2, 1, '/pet/7.png'),
    (3, 3, 2, '/pet/8.png'),(3, 4, 2, '/pet/8.png'),(3, 5, 3, '/pet/9.png'),(3, 6, 3, '/pet/9.png');
-- 펫 파일 이미지 등록
insert into file (fi_ori_name, fi_name, fi_table)
values('돌탕몬1','/pet/1.png', 'evolution'), ('돌탕몬2','/pet/2.png', 'evolution'), ('돌탕몬3','/pet/3.png', 'evolution'), 
('와구멈1','/pet/4.png', 'evolution'), ('와구멈2','/pet/5.png', 'evolution'), ('와구멈3','/pet/6.png', 'evolution'), 
('호랭이1','/pet/7.png', 'evolution'), ('호랭이2','/pet/8.png', 'evolution'), ('호랭이3','/pet/9.png', 'evolution');
    
-- 레벨별 누적경험치 등록 
insert into exp values(1, 8),(2,27),(3,82),(4,178),(5,328),(6,598);
-- 인증글 타입
insert into photo_type values(1, '자유인증'),(2,'미션인증');



-- 그 외 사용자가 직접 등록하지 않는 테이블의 샘플데이터 등록용
-- 지점 등록
insert into branch (br_name, br_address, br_road_address, br_tel, br_capacity, br_re_name)
	values('강남점', '','서울특별시 강남구 테헤란로8길 11-4', '02-1234-1234',20,'서울 특별시'),
    ('강남점2', '','서울특별시 강남구 테헤란로8길 11-4', '02-1234-1234',20,'서울 특별시'),
    ('강남점3', '','서울특별시 강남구 테헤란로8길 11-4', '02-1234-1234',20,'서울 특별시'),
    ('역삼점','','서울특별시 강남구 논현로 508','02-5678-5678',10,'서울 특별시'),
    ('역삼점2','','서울특별시 강남구 논현로 508','02-5678-5678',10,'서울 특별시'),
    ('역삼점3','','서울특별시 강남구 논현로 508','02-5678-5678',10,'서울 특별시'),
    ('인천점','','인천광역시 남구 관교동 연남로 35','02-1212-3434',10,'인천 광역시'),
    ('인천점2','','인천광역시 남구 관교동 연남로 35','02-1212-3434',10,'인천 광역시'),
    ('인천점3','','인천광역시 남구 관교동 연남로 35','02-1212-3434',10,'인천 광역시'),
    ('전남점','','전라남도 어디어디','02-1212-3434',10,'전라남도');
-- 예약 위치 등록(등록된 지점 번호만 넣어야함~)
insert into seat (se_br_num, se_ki_num, se_name, se_usable)
	values(1, 1, '1', 0), (1, 1, '2', 0), (1, 1, '3', 0), (1, 1, '4', 0), (1, 1, '5', 0), (1, 1, '6', 0), 
    (1, 1, '7', 0), (1, 1, '8', 0), (1, 1, '9', 0), (1, 1, '10', 0), (1, 1, '11', 0), (1, 1, '12', 0), 
    (1, 1, '13', 0), (1, 1, '14', 0), (1, 1, '15', 0), (1, 1, '16', 0), (1, 1, '17', 0), (1, 1, '18', 0), 
    (1, 1, '19', 0), (1, 1, '20', 0), (1, 2, '1', 0), (1, 2, '2', 0), (1, 2, '3', 0), (1, 2, '4', 0), 
    (1, 2, '5', 0), (1, 2, '6', 0), (1, 2, '7', 0), (1, 2, '8', 0), (1, 2, '9', 0), (1, 2, '10', 0), 
    (1, 2, '1', 0), (1, 2, '2', 0), (1, 2, '3', 0), (1, 2, '4', 0), (1, 2, '5', 0), (1, 2, '6', 0), 
    (1, 2, '7', 0), (1, 2, '8', 0), (1, 2, '9', 0), (1, 2, '10', 0),
    
    (2, 1, '1', 0), (2, 1, '2', 0), (2, 1, '3', 0), (2, 1, '4', 0), (2, 1, '5', 0), (2, 1, '6', 0), 
    (2, 1, '7', 0), (2, 1, '8', 0), (2, 1, '9', 0), (2, 1, '10', 0),(2, 2, '1', 0), (2, 2, '2', 0), 
    (2, 2, '3', 0), (2, 2, '4', 0), (2, 2, '5', 0),
    
    (3, 1, '1', 0), (3, 1, '2', 0), (3, 1, '3', 0), (3, 1, '4', 0), (3, 1, '5', 0), (3, 1, '6', 0), 
    (3, 1, '7', 0), (3, 1, '8', 0), (3, 1, '9', 0), (3, 1, '10', 0),(3, 2, '1', 0), (3, 2, '2', 0), 
    (3, 2, '3', 0), (3, 2, '4', 0), (3, 2, '5', 0);